{
  "type": "shroud:shroud",
  "generator": {
    "type": "minecraft:noise",
    "biome_source": {
      "type": "minecraft:multi_noise",
      "preset": "minecraft:overworld",
      "biomes": [
        {
          "biome": "shroud:sculk_forest",
          "parameters": {
            "temperature": 0.0,
            "humidity": 0.0,
            "continentalness": 0.0,
            "erosion": 0.0,
            "weirdness": 0.0,
            "depth": 0.0,
            "offset": 0.0
          }
        }
      ]
    },
    "settings": "shroud:shroud"
  }
}
