{
  "ultrawarm": false,
  "natural": true,
  "piglin_safe": false,
  "respawn_anchor_works": false,
  "bed_works": true,
  "has_raids": true,
  "has_skylight": false,
  "has_ceiling": false,
  "coordinate_scale": 1.0,
  "fixed_time": 18000,
  "ambient_light": 0.0,
  "logical_height": 384,
  "height": 384,
  "min_y": -64,
  "infiniburn": "#minecraft:infiniburn_overworld",
  "effects": "minecraft:the_nether",
  "monster_spawn_block_light_limit": 0,
  "monster_spawn_light_level": {
    "type": "minecraft:uniform",
    "min_inclusive": 0,
    "max_inclusive": 7
  }
}