{
  "type": "minecraft:tree",
  "config": {
    "decorators": [],
    "dirt_provider": {
      "type": "minecraft:simple_state_provider",
      "state": {
        "Name": "minecraft:sculk"
      }
    },
    "foliage_placer": {
      "type": "minecraft:acacia_foliage_placer",
      "offset": 0,
      "radius": 2
    },
    "foliage_provider": {
      "type": "minecraft:simple_state_provider",
      "state": {
        "Name": "shroud:sculk_leaves",
        "Properties": {
          "distance": "7",
          "persistent": "false",
          "waterlogged": "false"
        }
      }
    },
    "force_dirt": false,
    "ignore_vines": false,
    "minimum_size": {
      "type": "minecraft:two_layers_feature_size",
      "limit": 1,
      "lower_size": 0,
      "upper_size": 2
    },
    "trunk_placer": {
      "type": "minecraft:forking_trunk_placer",
      "base_height": 5,
      "height_rand_a": 2,
      "height_rand_b": 3
    },
    "trunk_provider": {
      "type": "minecraft:simple_state_provider",
      "state": {
        "Name": "shroud:sculk_log",
        "Properties": {
          "axis": "y"
        }
      }
    }
  }
}