{
  "parent": "minecraft:recipes/root",
  "criteria": {
    "has_stripped_sculk_log": {
      "conditions": {
        "items": [
          {
            "items": "shroud:stripped_sculk_log"
          }
        ]
      },
      "trigger": "minecraft:inventory_changed"
    },
    "has_the_recipe": {
      "conditions": {
        "recipe": "shroud:stripped_sculk_wood"
      },
      "trigger": "minecraft:recipe_unlocked"
    }
  },
  "requirements": [
    [
      "has_the_recipe",
      "has_stripped_sculk_log"
    ]
  ],
  "rewards": {
    "recipes": [
      "shroud:stripped_sculk_wood"
    ]
  }
}